National Team,Position,Club Name,Club Country,DOB,Age,Height,Weight
Argentina,GK,Tigres UANL,MEX,10.02.1986,32,192,90
Argentina,DF,Sevilla FC,ESP,18.03.1987,31,181,81
Argentina,DF,AFC Ajax,NED,31.08.1992,25,169,65
Argentina,DF,Torino FC,ITA,20.09.1986,31,181,73
Argentina,MF,AC Milan,ITA,30.01.1986,32,175,73
Argentina,DF,AS Roma,ITA,17.03.1987,31,199,85
Argentina,MF,Sevilla FC,ESP,29.06.1988,29,175,73
Argentina,DF,Sporting CP,POR,28.10.1991,26,172,77
Argentina,FW,Juventus FC,ITA,10.12.1987,30,184,75
Argentina,FW,FC Barcelona,ESP,24.06.1987,30,170,72
Argentina,MF,Paris Saint-Germain FC,FRA,14.02.1988,30,178,75
Argentina,GK,CA River Plate,ARG,16.10.1986,31,189,85
Argentina,MF,CA Independiente,ARG,15.12.1992,25,180,76
Argentina,DF,Hebei China Fortune FC,CHN,08.06.1984,34,174,73
Argentina,MF,West Ham United FC,ENG,15.02.1993,25,167,66
Argentina,DF,Manchester United FC,ENG,20.03.1990,28,189,82
Argentina,DF,Manchester City FC,ENG,12.02.1988,30,181,81
Argentina,DF,SL Benfica,POR,13.07.1990,27,167,69
Argentina,FW,Manchester City FC,ENG,02.06.1988,30,172,74
Argentina,MF,Paris Saint-Germain FC,FRA,09.04.1996,22,177,75
Argentina,FW,Juventus FC,ITA,15.11.1993,24,177,73
Argentina,MF,CA Boca Juniors,ARG,21.01.1996,22,169,65
Argentina,GK,Chelsea FC,ENG,28.09.1981,36,186,80
Australia,GK,Brighton & Hove Albion FC,ENG,08.04.1992,26,184,82
Australia,DF,Yokohama F-Marinos,JPN,28.04.1994,24,187,85
Australia,DF,Millwall FC,ENG,05.04.1988,30,179,71
Australia,FW,Millwall FC,ENG,06.12.1979,38,180,76
Australia,DF,Al Ahli SC,KSA,04.08.1985,32,178,78
Australia,DF,Suwon Samsung Bluewings FC,KOR,08.12.1989,28,190,83
Australia,FW,Hertha BSC,GER,04.02.1991,27,181,84
Australia,MF,Queens Park Rangers FC,ENG,25.09.1992,25,176,76
Australia,FW,FC Luzern,SUI,22.07.1991,26,190,80
Australia,FW,VfL Bochum,GER,05.10.1988,29,180,66
Australia,FW,Urawa Reds,JPN,17.12.1992,25,178,85
Australia,GK,Feyenoord Rotterdam,NED,19.03.1982,36,193,87
Australia,MF,Huddersfield Town FC,ENG,15.09.1990,27,173,72
Australia,FW,Hibernian FC,SCO,29.07.1993,24,178,72
Australia,MF,Aston Villa FC,ENG,03.08.1984,33,188,78
Australia,DF,Bursaspor,TUR,16.12.1990,27,170,63
Australia,FW,Melbourne City FC,AUS,04.01.1999,19,171,73
Australia,GK,KRC Genk,BEL,27.03.1985,33,187,94
Australia,DF,WS Wanderers FC,AUS,27.07.1992,25,169,70
Australia,DF,Grasshopper Club,SUI,05.01.1992,26,183,76
Australia,FW,Newcastle United Jets FC,AUS,10.11.1992,25,176,72
Australia,MF,Hull City FC,ENG,07.03.1993,25,180,77
Australia,MF,Celtic FC,SCO,16.12.1992,25,189,88
Belgium,GK,Chelsea FC,ENG,11.05.1992,26,199,91
Belgium,DF,Tottenham Hotspur FC,ENG,02.03.1989,29,186,81
Belgium,DF,FC Barcelona,ESP,14.11.1985,32,183,80
Belgium,DF,Manchester City FC,ENG,10.04.1986,32,190,85
Belgium,DF,Tottenham Hotspur FC,ENG,24.04.1987,31,189,86
Belgium,MF,Tianjin Quanjian FC,CHN,12.01.1989,29,186,73
Belgium,MF,Manchester City FC,ENG,28.06.1991,26,181,70
Belgium,MF,Manchester United FC,ENG,22.11.1987,30,194,85
Belgium,FW,Manchester United FC,ENG,13.05.1993,25,190,94
Belgium,FW,Chelsea FC,ENG,07.01.1991,27,173,74
Belgium,MF,Dalian Yifang FC,CHN,04.09.1993,24,180,67
Belgium,GK,Liverpool FC,ENG,06.03.1988,30,193,87
Belgium,GK,VfL Wolfsburg,GER,25.06.1992,25,197,86
Belgium,FW,SSC Napoli,ITA,06.05.1987,31,169,61
Belgium,DF,Paris Saint-Germain FC,FRA,12.09.1991,26,190,88
Belgium,MF,VfL Borussia Mönchengladbach,GER,29.03.1993,25,174,70
Belgium,MF,AS Monaco,FRA,07.05.1997,21,176,72
Belgium,FW,Real Sociedad,ESP,05.02.1995,23,180,75
Belgium,MF,Tottenham Hotspur FC,ENG,16.07.1987,30,185,82
Belgium,DF,Celtic FC,SCO,28.11.1990,27,188,84
Belgium,FW,Borussia Dortmund,GER,02.10.1993,24,185,78
Belgium,MF,West Bromwich Albion FC,ENG,02.08.1989,28,187,85
Belgium,DF,RSC Anderlecht,BEL,15.04.1995,23,188,76
Brazil,GK,AS Roma,ITA,02.10.1992,25,193,91
Brazil,DF,Paris Saint-Germain FC,FRA,22.09.1984,33,183,79
Brazil,DF,FC Internazionale,ITA,07.09.1984,33,186,78
Brazil,DF,Grêmio FBPA,BRA,21.09.1985,32,190,84
Brazil,MF,Real Madrid CF,ESP,23.02.1992,26,185,84
Brazil,DF,Atletico Madrid,ESP,09.08.1985,32,182,73
Brazil,FW,Juventus FC,ITA,14.09.1990,27,182,70
Brazil,MF,Beijing Guoan,CHN,08.02.1988,30,186,86
Brazil,FW,Manchester City FC,ENG,03.04.1997,21,175,73
Brazil,FW,Paris Saint-Germain FC,FRA,05.02.1992,26,175,68
Brazil,MF,FC Barcelona,ESP,12.06.1992,26,172,68
Brazil,DF,Real Madrid CF,ESP,12.05.1988,30,174,80
Brazil,DF,Paris Saint-Germain FC,FRA,14.05.1994,24,183,75
Brazil,DF,Manchester City FC,ENG,15.07.1991,26,184,78
Brazil,MF,FC Barcelona,ESP,25.07.1988,29,181,81
Brazil,GK,SC Corinthians,BRA,06.06.1987,31,195,92
Brazil,MF,Manchester City FC,ENG,04.05.1985,33,179,67
Brazil,MF,FC Shakhtar Donetsk,UKR,05.03.1993,25,169,64
Brazil,MF,Chelsea FC,ENG,09.08.1988,29,175,77
Brazil,FW,Liverpool FC,ENG,02.10.1991,26,181,76
Brazil,FW,FC Shakhtar Donetsk,UKR,13.01.1988,30,172,64
Brazil,DF,SC Corinthians,BRA,11.06.1989,29,168,67
Brazil,GK,Manchester City FC,ENG,17.08.1993,24,188,86
Colombia,GK,Arsenal FC,ENG,31.08.1988,29,183,80
Colombia,DF,AC Milan,ITA,30.09.1986,31,187,82
Colombia,DF,CF Pachuca,MEX,18.04.1988,30,184,80
Colombia,DF,PSV Eindhoven,NED,13.01.1992,26,177,71
Colombia,MF,CA Boca Juniors,ARG,16.10.1993,24,178,74
Colombia,MF,RCD Espanyol,ESP,06.02.1986,32,182,82
Colombia,FW,Villarreal CF,ESP,08.09.1986,31,181,77
Colombia,MF,AC Deportivo Cali,COL,06.01.1985,33,185,82
Colombia,FW,AS Monaco,FRA,10.02.1986,32,177,72
Colombia,MF,FC Bayern München,GER,12.07.1991,26,180,75
Colombia,MF,Juventus FC,ITA,26.05.1988,30,179,72
Colombia,GK,AC Deportivo Cali,COL,09.03.1989,29,185,80
Colombia,DF,FC Barcelona,ESP,23.09.1994,23,194,95
Colombia,FW,Sevilla FC,ESP,16.04.1991,27,178,79
Colombia,MF,Club América,MEX,21.03.1991,27,182,71
Colombia,MF,Levante UD,ESP,25.10.1994,23,179,70
Colombia,DF,Girona FC,ESP,21.08.1992,25,185,66
Colombia,DF,CA Boca Juniors,ARG,22.02.1991,27,172,72
Colombia,FW,SE Palmeiras,BRA,26.01.1993,25,183,74
Colombia,MF,CA River Plate,ARG,18.01.1993,25,169,64
Colombia,FW,Brighton & Hove Albion FC,ENG,07.07.1992,25,171,73
Colombia,GK,CD Once Caldas,COL,01.06.1985,33,180,80
Colombia,DF,Tottenham Hotspur FC,ENG,12.06.1996,22,187,81
Costa Rica,GK,Real Madrid CF,ESP,15.12.1986,31,185,80
Costa Rica,DF,Rionegro Águilas,COL,21.07.1983,34,176,75
Costa Rica,DF,Bologna FC,ITA,08.02.1988,30,186,78
Costa Rica,DF,IFK Norrkoping FK,SWE,06.03.1998,20,177,68
Costa Rica,MF,Deportivo La Coruña,ESP,27.05.1988,30,187,79
Costa Rica,DF,RCD Espanyol,ESP,03.06.1989,29,186,81
Costa Rica,MF,Deportivo Saprissa,CRC,17.05.1984,34,178,67
Costa Rica,DF,Sunderland AFC,ENG,18.02.1990,28,172,70
Costa Rica,MF,Deportivo Saprissa,CRC,10.01.1985,33,180,75
Costa Rica,MF,Sporting CP,POR,18.08.1985,32,187,73
Costa Rica,FW,Deportivo Saprissa,CRC,27.11.1988,29,183,76
Costa Rica,FW,Real Betis,ESP,26.06.1992,25,178,71
Costa Rica,MF,New York City FC,USA,17.06.1988,29,180,70
Costa Rica,MF,CS Herediano,CRC,30.12.1984,33,182,83
Costa Rica,DF,Minnesota United FC,USA,08.07.1992,25,180,78
Costa Rica,DF,Celtic FC,SCO,24.10.1989,28,175,67
Costa Rica,MF,FC Lausanne-Sport,SUI,17.03.1992,26,179,67
Costa Rica,GK,LD Alajuelense,CRC,24.04.1982,36,178,72
Costa Rica,DF,Vancouver Whitecaps FC,CAN,01.01.1988,30,196,87
Costa Rica,MF,Portland Timbers,USA,18.02.1990,28,176,78
Costa Rica,FW,Los Angeles FC,USA,05.03.1990,28,181,70
Costa Rica,DF,New York City FC,USA,09.07.1994,23,175,70
Costa Rica,GK,CS Herediano,CRC,02.04.1990,28,179,70
Croatia,GK,GNK Dinamo Zagreb,CRO,09.01.1995,23,188,82
Croatia,DF,Atletico Madrid,ESP,10.01.1992,26,181,76
Croatia,DF,UC Sampdoria,ITA,17.07.1987,30,186,78
Croatia,FW,FC Internazionale,ITA,02.02.1989,29,186,81
Croatia,DF,FC Lokomotiv Moscow,RUS,05.02.1986,32,192,84
Croatia,DF,Liverpool FC,ENG,05.07.1989,28,188,84
Croatia,MF,FC Barcelona,ESP,10.03.1988,30,184,78
Croatia,MF,Real Madrid CF,ESP,06.05.1994,24,178,78
Croatia,FW,TSG 1899 Hoffenheim,GER,19.06.1991,26,177,73
Croatia,MF,Real Madrid CF,ESP,09.09.1985,32,172,66
Croatia,MF,FC Internazionale,ITA,16.11.1992,25,181,68
Croatia,GK,KAA Gent,BEL,03.04.1990,28,201,96
Croatia,DF,Bayer 04 Leverkusen,GER,28.11.1995,22,184,81
Croatia,MF,HNK Rijeka,CRO,11.01.1992,26,186,78
Croatia,DF,FC Red Bull Salzburg,AUT,17.09.1996,21,192,89
Croatia,FW,AC Milan,ITA,05.01.1988,30,187,81
Croatia,FW,Juventus FC,ITA,21.05.1986,32,190,85
Croatia,FW,Eintracht Frankfurt,GER,21.09.1993,24,185,78
Croatia,MF,ACF Fiorentina,ITA,25.02.1989,29,186,76
Croatia,FW,FC Schalke 04,GER,06.05.1995,23,186,83
Croatia,DF,Besiktas JK,TUR,29.04.1989,29,184,76
Croatia,DF,FC Dynamo Kyiv,UKR,30.01.1989,29,176,69
Croatia,GK,AS Monaco,FRA,27.10.1984,33,191,84
Denmark,GK,Leicester City FC,ENG,05.11.1986,31,190,92
Denmark,MF,Deportivo La Coruña,ESP,06.06.1983,35,171,69
Denmark,DF,VfL Borussia Mönchengladbach,GER,03.08.1992,25,200,98
Denmark,DF,Sevilla FC,ESP,26.03.1989,29,191,84
Denmark,DF,Ipswich Town FC,ENG,16.09.1992,25,187,82
Denmark,DF,Chelsea FC,ENG,10.04.1996,22,192,85
Denmark,MF,FC Kobenhavn,DEN,24.02.1985,33,185,80
Denmark,MF,SV Werder Bremen,GER,03.09.1991,26,180,78
Denmark,FW,Feyenoord Rotterdam,NED,15.01.1991,27,194,86
Denmark,MF,Tottenham Hotspur FC,ENG,14.02.1992,26,181,76
Denmark,FW,FC Girondins Bordeaux,FRA,05.06.1991,27,180,73
Denmark,FW,AFC Ajax,NED,06.10.1997,20,187,85
Denmark,DF,Huddersfield Town FC,ENG,23.04.1990,28,191,85
Denmark,DF,Brentford FC,ENG,27.07.1989,28,190,81
Denmark,FW,FC Kobenhavn,DEN,09.06.1994,24,181,80
Denmark,GK,Huddersfield Town FC,ENG,01.02.1989,29,195,90
Denmark,DF,Udinese Calcio,ITA,21.02.1991,27,182,82
Denmark,MF,FC Girondins Bordeaux,FRA,12.07.1993,24,186,85
Denmark,MF,AFC Ajax,NED,27.05.1986,32,178,80
Denmark,FW,RB Leipzig,GER,15.06.1994,23,193,84
Denmark,FW,Atalanta Bergamo,ITA,16.03.1993,25,195,91
Denmark,GK,Brondby IF,DEN,04.08.1992,25,190,85
Denmark,FW,Celta Vigo,ESP,04.02.1995,23,173,69
Egypt,GK,Al Taawoun FC,KSA,15.01.1973,45,190,90
Egypt,DF,West Bromwich Albion FC,ENG,01.01.1989,29,191,88
Egypt,DF,Aston Villa FC,ENG,09.09.1987,30,183,76
Egypt,MF,Los Angeles FC,USA,30.01.1992,26,175,71
Egypt,MF,Wigan Athletic FC,ENG,10.09.1991,26,173,75
Egypt,DF,West Bromwich Albion FC,ENG,25.01.1991,27,194,95
Egypt,DF,Al Ahly SC,EGY,10.11.1984,33,176,76
Egypt,MF,Zamalek,EGY,24.10.1988,29,169,67
Egypt,FW,Al Ahly SC,EGY,26.02.1989,29,185,81
Egypt,FW,Liverpool FC,ENG,15.06.1992,25,175,71
Egypt,FW,Al-Ittihad FC,KSA,13.04.1994,24,182,76
Egypt,DF,Al Ahly SC,EGY,09.04.1991,27,176,73
Egypt,DF,Al Fateh FC,KSA,01.07.1985,32,171,72
Egypt,FW,Stoke City FC,ENG,23.01.1997,21,183,77
Egypt,DF,Zamalek,EGY,01.06.1995,23,173,72
Egypt,GK,Al Ahly SC,EGY,10.07.1983,34,193,93
Egypt,MF,Arsenal FC,ENG,11.07.1992,25,181,74
Egypt,FW,Al Raed SC,KSA,05.03.1986,32,183,80
Egypt,MF,Kuopion PS,FIN,13.07.1985,32,176,75
Egypt,DF,Al Ahly SC,EGY,01.04.1989,29,183,82
Egypt,MF,Kasimpasa SK,TUR,01.10.1994,23,181,77
Egypt,FW,Atromitos FC,GRE,17.09.1993,24,179,77
Egypt,GK,Al Ahly SC,EGY,18.12.1988,29,191,86
England,GK,Everton FC,ENG,07.03.1994,24,185,72
England,DF,Manchester City FC,ENG,28.05.1990,28,178,83
England,DF,Tottenham Hotspur FC,ENG,02.07.1990,27,173,76
England,MF,Tottenham Hotspur FC,ENG,15.01.1994,24,188,90
England,DF,Manchester City FC,ENG,28.05.1994,24,188,72
England,DF,Leicester City FC,ENG,05.03.1993,25,193,98
England,MF,Manchester United FC,ENG,15.12.1992,25,175,60
England,MF,Liverpool FC,ENG,17.06.1990,27,183,82
England,FW,Tottenham Hotspur FC,ENG,28.07.1993,24,188,98
England,FW,Manchester City FC,ENG,08.12.1994,23,170,70
England,FW,Leicester City FC,ENG,11.01.1987,31,178,80
England,DF,Tottenham Hotspur FC,ENG,19.09.1990,27,178,72
England,GK,Stoke City FC,ENG,10.03.1993,25,196,96
England,FW,Arsenal FC,ENG,26.11.1990,27,184,78
England,DF,Chelsea FC,ENG,19.12.1985,32,191,85
England,DF,Manchester United FC,ENG,21.02.1992,26,182,72
England,DF,Manchester City FC,ENG,21.11.1989,28,174,78
England,DF,Manchester United FC,ENG,09.07.1985,32,175,78
England,FW,Manchester United FC,ENG,31.10.1997,20,180,78
England,MF,Tottenham Hotspur FC,ENG,11.04.1996,22,188,76
England,MF,Chelsea FC,ENG,23.01.1996,22,190,73
England,DF,Liverpool FC,ENG,07.10.1998,19,175,70
England,GK,Burnley FC,ENG,19.04.1992,26,191,76
France,GK,Tottenham Hotspur FC,ENG,26.12.1986,31,188,82
France,DF,VfB Stuttgart,GER,28.03.1996,22,186,76
France,DF,Paris Saint-Germain FC,FRA,13.08.1995,22,182,78
France,DF,Real Madrid CF,ESP,25.04.1993,25,191,79
France,DF,FC Barcelona,ESP,14.11.1993,24,183,84
France,MF,Manchester United FC,ENG,15.03.1993,25,191,86
France,FW,Atletico Madrid,ESP,21.03.1991,27,174,72
France,FW,AS Monaco,FRA,12.11.1995,22,172,65
France,FW,Chelsea FC,ENG,30.09.1986,31,193,91
France,FW,Paris Saint-Germain FC,FRA,20.12.1998,19,178,78
France,FW,FC Barcelona,ESP,15.05.1997,21,178,70
France,MF,FC Bayern München,GER,03.08.1994,23,180,82
France,MF,Chelsea FC,ENG,29.03.1991,27,168,70
France,MF,Juventus FC,ITA,09.04.1987,31,180,74
France,MF,Sevilla FC,ESP,15.12.1988,29,197,87
France,GK,Olympique Marseille,FRA,28.03.1985,33,187,88
France,DF,Olympique Marseille,FRA,27.12.1985,32,190,90
France,FW,Olympique Lyon,FRA,18.07.1993,24,173,76
France,DF,AS Monaco,FRA,29.07.1992,25,184,81
France,FW,Olympique Marseille,FRA,26.01.1993,25,180,76
France,DF,Atletico Madrid,ESP,14.02.1996,22,183,76
France,DF,Manchester City FC,ENG,17.07.1994,23,183,84
France,GK,Paris Saint-Germain FC,FRA,27.02.1993,25,195,95
Germany,GK,FC Bayern München,GER,27.03.1986,32,193,93
Germany,DF,Hertha BSC,GER,26.01.1992,26,181,76
Germany,DF,1. FC Köln,GER,27.05.1990,28,185,75
Germany,DF,VfL Borussia Mönchengladbach,GER,19.01.1994,24,189,85
Germany,DF,FC Bayern München,GER,16.12.1988,29,192,90
Germany,MF,Juventus FC,ITA,04.04.1987,31,189,81
Germany,MF,Paris Saint-Germain FC,FRA,20.09.1993,24,185,74
Germany,MF,Real Madrid CF,ESP,04.01.1990,28,182,78
Germany,FW,RB Leipzig,GER,06.03.1996,22,181,75
Germany,MF,Arsenal FC,ENG,15.10.1988,29,180,70
Germany,FW,Borussia Dortmund,GER,31.05.1989,29,180,67
Germany,GK,Paris Saint-Germain FC,FRA,08.07.1990,27,189,88
Germany,MF,FC Bayern München,GER,13.09.1989,28,186,75
Germany,MF,FC Schalke 04,GER,06.02.1995,23,189,76
Germany,DF,FC Bayern München,GER,03.09.1995,22,195,89
Germany,DF,Chelsea FC,ENG,03.03.1993,25,191,85
Germany,DF,FC Bayern München,GER,03.09.1988,29,192,90
Germany,DF,FC Bayern München,GER,08.02.1995,23,176,72
Germany,MF,FC Bayern München,GER,28.02.1990,28,179,74
Germany,MF,Bayer 04 Leverkusen,GER,02.05.1996,22,183,82
Germany,MF,Manchester City FC,ENG,24.10.1990,27,180,79
Germany,GK,FC Barcelona,ESP,30.04.1992,26,187,85
Germany,FW,VfB Stuttgart,GER,10.07.1985,32,189,82
Iceland,GK,Randers FC,DEN,27.04.1984,34,193,88
Iceland,DF,Valur Reykjavik,ISL,11.11.1984,33,186,75
Iceland,MF,Valerenga IF,NOR,22.02.1996,22,185,78
Iceland,MF,PSV Eindhoven,NED,15.06.1997,20,177,80
Iceland,DF,FC Rostov,RUS,05.08.1993,24,188,80
Iceland,DF,FC Rostov,RUS,19.06.1986,31,187,86
Iceland,MF,Burnley FC,ENG,27.10.1990,27,179,77
Iceland,MF,Aston Villa FC,ENG,27.05.1988,30,183,77
Iceland,FW,FC Rostov,RUS,26.02.1991,27,187,85
Iceland,MF,Everton FC,ENG,08.09.1989,28,186,82
Iceland,FW,FC Augsburg,GER,01.02.1989,29,185,79
Iceland,GK,Roskilde BK,DEN,19.01.1995,23,198,92
Iceland,GK,FC Nordsjaelland,DEN,18.02.1995,23,186,76
Iceland,DF,Aberdeen FC,SCO,13.10.1982,35,191,82
Iceland,DF,Levski Sofia,BUL,06.08.1990,27,188,81
Iceland,MF,Karabukspor,TUR,01.04.1983,35,184,79
Iceland,MF,Cardiff City FC,WAL,22.04.1989,29,181,86
Iceland,DF,Bristol City FC,ENG,11.02.1993,25,191,85
Iceland,MF,SV Sandhausen,GER,25.02.1988,30,184,78
Iceland,MF,Udinese Calcio,ITA,29.06.1984,33,186,86
Iceland,MF,Malmö FF,SWE,30.04.1993,25,183,73
Iceland,FW,Reading FC,ENG,25.05.1992,26,189,89
Iceland,DF,KSC Lokeren,BEL,14.05.1987,31,170,63
IR Iran,GK,Persepolis FC,IRN,21.09.1992,25,194,85
IR Iran,MF,Saipa Alborz FC,IRN,10.09.1994,23,185,71
IR Iran,DF,Olympiacos Piraeus FC,GRE,25.02.1990,28,178,75
IR Iran,DF,Esteghlal Tehran FC,IRN,24.07.1993,24,192,80
IR Iran,DF,FC Akhmat Grozny,RUS,29.09.1993,24,178,69
IR Iran,MF,FK Amkar Perm,RUS,01.10.1996,21,190,82
IR Iran,MF,AEK Athens,GRE,09.06.1984,34,187,79
IR Iran,DF,Al Sadd SC,QAT,19.04.1992,26,187,83
IR Iran,MF,Esteghlal Tehran FC,IRN,16.09.1987,30,178,75
IR Iran,FW,Olympiacos Piraeus FC,GRE,03.04.1990,28,187,80
IR Iran,MF,Persepolis FC,IRN,02.04.1988,30,179,71
IR Iran,GK,Zob Ahan Isfahan FC,IRN,18.05.1989,29,192,84
IR Iran,DF,Padideh FC,IRN,11.05.1991,27,186,80
IR Iran,FW,IFK Östersund FK,SWE,06.09.1993,24,177,79
IR Iran,DF,Esteghlal Tehran FC,IRN,06.09.1983,34,185,77
IR Iran,FW,SC Heerenveen,NED,20.09.1987,30,180,79
IR Iran,FW,Al Gharafa SC,QAT,18.07.1992,25,187,80
IR Iran,FW,AZ Alkmaar,NED,11.08.1993,24,180,77
IR Iran,DF,Esteghlal Tehran FC,IRN,20.06.1996,21,183,78
IR Iran,FW,FC Rubin Kazan,RUS,01.01.1995,23,186,80
IR Iran,FW,Nottingham Forest FC,ENG,05.07.1986,31,181,78
IR Iran,GK,CS Maritimo,POR,26.04.1993,25,186,80
IR Iran,DF,KV Oostende,BEL,21.03.1990,28,185,75
Japan,GK,FC Metz,FRA,20.03.1983,35,185,74
Japan,DF,Kashima Antlers,JPN,24.10.1994,23,186,79
Japan,DF,Kashima Antlers,JPN,11.12.1992,25,182,74
Japan,MF,CF Pachuca,MEX,13.06.1986,32,182,74
Japan,DF,Galatasaray SK,TUR,12.09.1986,31,170,68
Japan,DF,Urawa Reds,JPN,09.02.1993,25,178,75
Japan,MF,Getafe CF,ESP,28.05.1992,26,175,64
Japan,MF,Fortuna Düsseldorf,GER,09.05.1991,27,178,68
Japan,FW,Leicester City FC,ENG,16.04.1986,32,174,70
Japan,MF,Borussia Dortmund,GER,17.03.1989,29,175,68
Japan,MF,Fortuna Düsseldorf,GER,06.05.1992,26,178,72
Japan,GK,Gamba Osaka,JPN,12.05.1986,32,184,78
Japan,FW,FSV Mainz 05,GER,15.07.1992,25,179,72
Japan,MF,SD Eibar,ESP,02.06.1988,30,169,59
Japan,FW,1. FC Köln,GER,18.05.1990,28,182,71
Japan,MF,Cerezo Osaka,JPN,06.10.1990,27,173,72
Japan,MF,Eintracht Frankfurt,GER,18.01.1984,34,180,72
Japan,MF,Kawasaki Frontale,JPN,23.01.1993,25,168,64
Japan,DF,Olympique Marseille,FRA,12.04.1990,28,183,70
Japan,DF,Urawa Reds,JPN,11.05.1987,31,182,77
Japan,DF,Hamburger SV,GER,14.03.1991,27,176,74
Japan,DF,Southampton FC,ENG,24.08.1988,29,189,78
Japan,GK,Kashiwa Reysol,JPN,27.02.1995,23,184,72
Korea Republic,GK,Vissel Kobe,JPN,30.09.1990,27,187,80
Korea Republic,DF,Jeonbuk Hyundai,KOR,24.12.1986,31,180,74
Korea Republic,DF,Sagan Tosu FC,JPN,03.04.1994,24,188,74
Korea Republic,DF,Jeju United,KOR,20.05.1988,30,189,79
Korea Republic,DF,Seongnam FC,KOR,04.10.1988,29,185,78
Korea Republic,DF,Ulsan Hyundai FC,KOR,16.01.1987,31,174,71
Korea Republic,FW,Tottenham Hotspur FC,ENG,08.07.1992,25,183,76
Korea Republic,MF,Asan Mugunghwa FC,KOR,30.10.1990,27,176,70
Korea Republic,FW,Jeonbuk Hyundai,KOR,14.04.1988,30,197,97
Korea Republic,MF,Hellas Verona FC,ITA,06.01.1998,20,170,63
Korea Republic,FW,FC Red Bull Salzburg,AUT,26.01.1996,22,177,77
Korea Republic,DF,Sangju Sangmu FC,KOR,25.02.1990,28,172,69
Korea Republic,MF,FC Augsburg,GER,27.02.1989,29,182,73
Korea Republic,DF,Sangju Sangmu FC,KOR,17.09.1990,27,176,67
Korea Republic,MF,Vissel Kobe,JPN,14.12.1989,28,186,78
Korea Republic,MF,Swansea City AFC,WAL,24.01.1989,29,186,75
Korea Republic,MF,Jeonbuk Hyundai,KOR,10.08.1992,25,180,70
Korea Republic,MF,Incheon United FC,KOR,09.06.1992,26,172,68
Korea Republic,DF,Guangzhou Evergrande FC,CHN,27.02.1990,28,184,74
Korea Republic,DF,FC Tokyo,JPN,28.09.1991,26,187,77
Korea Republic,GK,Cerezo Osaka,JPN,06.07.1987,30,193,82
Korea Republic,DF,FC Seoul,KOR,10.03.1988,30,170,65
Korea Republic,GK,Daegu FC,KOR,25.09.1991,26,189,75
Mexico,GK,Cruz Azul,MEX,26.01.1981,37,182,80
Mexico,DF,Tigres UANL,MEX,31.03.1987,31,188,82
Mexico,DF,Eintracht Frankfurt,GER,29.09.1993,24,189,83
Mexico,DF,CF Atlas,MEX,13.02.1979,39,184,77
Mexico,DF,FC Porto,POR,19.09.1992,25,190,77
Mexico,MF,LA Galaxy,USA,26.04.1990,28,173,69
Mexico,MF,Sevilla FC,ESP,25.06.1988,29,180,72
Mexico,FW,Eintracht Frankfurt,GER,21.07.1989,28,171,70
Mexico,FW,SL Benfica,POR,05.05.1991,27,188,79
Mexico,MF,LA Galaxy,USA,11.05.1989,29,178,70
Mexico,FW,Los Angeles FC,USA,01.03.1989,29,178,78
Mexico,GK,Deportivo Toluca FC,MEX,18.09.1982,35,188,84
Mexico,GK,Standard Liège,BEL,13.07.1985,32,185,76
Mexico,FW,West Ham United FC,ENG,01.06.1988,30,175,71
Mexico,DF,Real Sociedad,ESP,17.01.1988,30,182,82
Mexico,DF,FC Porto,POR,19.04.1990,28,180,79
Mexico,MF,FC Porto,POR,06.01.1993,25,174,69
Mexico,MF,Real Betis,ESP,28.09.1986,31,167,63
Mexico,FW,Club América,MEX,12.01.1984,34,178,72
Mexico,MF,Tigres UANL,MEX,11.02.1990,28,166,59
Mexico,DF,Club América,MEX,24.10.1997,20,186,72
Mexico,FW,PSV Eindhoven,NED,30.07.1995,22,176,66
Mexico,MF,Pumas UNAM,MEX,15.08.1994,23,177,74
Morocco,GK,Girona FC,ESP,05.04.1991,27,190,77
Morocco,DF,Real Madrid CF,ESP,04.11.1998,19,179,65
Morocco,DF,Lille OSC,FRA,21.10.1997,20,179,70
Morocco,DF,Istanbul Başakşehir FK,TUR,06.05.1986,32,187,78
Morocco,DF,Juventus FC,ITA,17.04.1987,31,188,88
Morocco,DF,Wolverhampton Wanderers FC,ENG,26.03.1990,28,190,76
Morocco,MF,AFC Ajax,NED,19.03.1993,25,180,70
Morocco,MF,Feyenoord Rotterdam,NED,27.01.1985,33,179,78
Morocco,FW,RS Berkane,MAR,25.06.1993,24,182,72
Morocco,MF,Galatasaray SK,TUR,25.02.1990,28,174,75
Morocco,MF,Getafe CF,ESP,01.08.1988,29,178,72
Morocco,GK,CD Numancia,ESP,10.05.1989,29,190,88
Morocco,FW,Yeni Malatyaspor,TUR,24.04.1987,31,190,80
Morocco,MF,Al Jazira,UAE,15.08.1984,33,167,59
Morocco,MF,SM Caen,FRA,07.07.1996,21,184,75
Morocco,MF,CD Leganés,ESP,31.03.1987,31,178,77
Morocco,DF,Fenerbahce SK,TUR,25.02.1986,32,187,82
Morocco,MF,FC Schalke 04,GER,18.06.1997,20,179,66
Morocco,FW,Malaga CF,ESP,01.06.1997,21,188,75
Morocco,FW,FC St. Pauli,GER,30.03.1987,31,188,80
Morocco,MF,Feyenoord Rotterdam,NED,21.08.1996,21,183,77
Morocco,GK,IRT Tanger,MAR,05.04.1996,22,186,70
Morocco,MF,Standard Liège,BEL,01.07.1989,28,176,67
Nigeria,GK,Enyimba FC,NGA,16.10.1988,29,181,80
Nigeria,DF,FK Amkar Perm,RUS,18.05.1992,26,179,75
Nigeria,DF,Cercle Brugge,BEL,20.01.1988,30,185,82
Nigeria,MF,Leicester City FC,ENG,16.12.1996,21,184,73
Nigeria,DF,Bursaspor,TUR,01.09.1993,24,191,85
Nigeria,DF,FSV Mainz 05,GER,28.06.1988,29,190,89
Nigeria,FW,CSKA Moscow,RUS,14.10.1992,25,173,65
Nigeria,MF,UD Las Palmas,ESP,09.11.1995,22,174,74
Nigeria,FW,Changchun Yatai,CHN,16.06.1989,28,188,83
Nigeria,MF,Tianjin Teda,CHN,22.04.1987,31,188,82
Nigeria,FW,Chelsea FC,ENG,12.12.1990,27,177,75
Nigeria,DF,Bursaspor,TUR,12.03.1993,25,182,75
Nigeria,FW,FC Crotone,ITA,07.05.1992,26,197,89
Nigeria,FW,Leicester City FC,ENG,10.03.1996,22,183,80
Nigeria,MF,Torino FC,ITA,22.05.1991,27,177,77
Nigeria,GK,Chippa United FC,RSA,08.03.1986,32,187,94
Nigeria,MF,Trabzonspor,TUR,25.12.1992,25,172,74
Nigeria,FW,Arsenal FC,ENG,03.05.1996,22,185,86
Nigeria,MF,Hapoel Be'er Sheva FC,ISR,20.04.1988,30,191,90
Nigeria,DF,FC Nantes,FRA,01.01.1997,21,192,76
Nigeria,DF,ADO Den Haag,NED,16.12.1995,22,187,74
Nigeria,DF,Kasimpasa SK,TUR,17.10.1993,24,185,82
Nigeria,GK,Deportivo La Coruña,ESP,28.10.1998,19,196,91
Panama,GK,Dinamo Bucharest,ROU,26.09.1981,36,183,70
Panama,DF,New York Red Bulls,USA,11.02.1996,22,183,78
Panama,DF,San Jose Earthquakes,USA,01.03.1992,26,183,92
Panama,DF,New York Red Bulls,USA,09.01.1995,23,182,82
Panama,DF,Seattle Sounders FC,USA,20.03.1986,32,188,99
Panama,MF,Atlético Bucaramanga,COL,29.05.1984,34,183,82
Panama,FW,CSD Municipal,GUA,13.03.1981,37,187,83
Panama,MF,Cafetaleros de Tapachula,MEX,23.10.1993,24,175,72
Panama,FW,CD Huachipato,CHI,31.10.1988,29,180,77
Panama,FW,Deportivo La Coruña,ESP,12.05.1997,21,181,72
Panama,MF,Club Universidad de Chile,CHI,26.11.1987,30,173,72
Panama,GK,Chorrillo FC,PAN,14.08.1985,32,187,87
Panama,DF,Houston Dynamo,USA,14.02.1985,33,182,78
Panama,MF,Plaza Amador,PAN,30.05.1991,27,189,80
Panama,DF,DAC Dunajska Streda,SVK,31.03.1991,27,180,81
Panama,FW,LD Alajuelense,CRC,13.12.1993,24,183,82
Panama,DF,CD Olimpia,HON,07.09.1988,29,178,75
Panama,FW,Sport Boys,PER,28.03.1982,36,183,87
Panama,MF,Universitario Lima,PER,18.12.1987,30,165,62
Panama,MF,San Jose Earthquakes,USA,10.02.1990,28,183,82
Panama,MF,KAA Gent,BEL,19.06.1998,19,180,77
Panama,GK,San Francisco FC,PAN,05.08.1990,27,197,83
Panama,DF,CSD Municipal,GUA,24.02.1981,37,185,87
Peru,GK,CD Tiburones Rojos de Veracruz,MEX,23.02.1990,28,189,79
Peru,DF,Atletico Junior,COL,31.03.1984,34,179,78
Peru,DF,Universitario Lima,PER,20.05.1989,29,172,75
Peru,DF,Puebla FC,MEX,10.01.1992,26,183,84
Peru,DF,Alianza Lima,PER,24.10.1994,23,178,77
Peru,DF,CR Flamengo,BRA,25.08.1992,25,169,74
Peru,MF,Vitoria Guimaraes,POR,27.07.1990,27,174,66
Peru,MF,Sao Paulo FC,BRA,23.11.1991,26,169,69
Peru,FW,CR Flamengo,BRA,01.01.1984,34,185,88
Peru,FW,FC Lokomotiv Moscow,RUS,26.10.1984,33,177,85
Peru,FW,CA Monarcas Morelia,MEX,25.07.1990,27,169,67
Peru,GK,Deportivo Municipal,PER,27.09.1991,26,184,78
Peru,MF,Feyenoord Rotterdam,NED,28.07.1995,22,185,85
Peru,MF,Portland Timbers,USA,29.09.1994,23,174,71
Peru,DF,CD Tiburones Rojos de Veracruz,MEX,04.11.1988,29,182,72
Peru,MF,CD Tiburones Rojos de Veracruz,MEX,23.09.1994,23,179,76
Peru,DF,Lobos BUAP,MEX,02.03.1990,28,178,80
Peru,FW,Watford FC,ENG,14.06.1991,27,182,77
Peru,MF,Orlando City SC,USA,07.04.1990,28,172,69
Peru,FW,Aalborg BK,DEN,14.05.1994,24,170,72
Peru,GK,Universidad Técnica de Cajamarca,PER,01.03.1986,32,182,84
Peru,DF,FBC Melgar,PER,26.10.1994,23,179,68
Peru,MF,Lobos BUAP,MEX,13.04.1995,23,174,71
Poland,GK,Juventus FC,ITA,18.04.1990,28,195,84
Poland,DF,Legia Warsaw,POL,21.09.1987,30,181,78
Poland,DF,Legia Warsaw,POL,04.11.1987,30,189,78
Poland,DF,SPAL Ferrara,ITA,21.04.1986,32,184,81
Poland,DF,Southampton FC,ENG,12.04.1996,22,189,77
Poland,MF,PFC Ludogorets Razgrad,BUL,21.09.1992,25,172,66
Poland,FW,SSC Napoli,ITA,28.02.1994,24,186,81
Poland,MF,UC Sampdoria,ITA,02.02.1995,23,176,73
Poland,FW,FC Bayern München,GER,21.08.1988,29,185,79
Poland,MF,West Bromwich Albion FC,ENG,29.01.1990,28,186,83
Poland,MF,Hull City FC,ENG,08.06.1988,30,180,78
Poland,GK,Ipswich Town FC,ENG,06.07.1987,30,194,83
Poland,MF,FC Lokomotiv Moscow,RUS,19.08.1989,28,173,75
Poland,FW,RSC Anderlecht,BEL,03.06.1991,27,185,78
Poland,DF,AS Monaco,FRA,03.02.1988,30,190,80
Poland,MF,VfL Wolfsburg,GER,14.12.1985,32,175,71
Poland,MF,Lechia Gdansk,POL,19.02.1985,33,173,68
Poland,DF,UC Sampdoria,ITA,12.07.1992,25,182,72
Poland,MF,SSC Napoli,ITA,20.05.1994,24,177,64
Poland,DF,Borussia Dortmund,GER,03.06.1985,33,184,79
Poland,MF,Gornik Zabrze,POL,29.01.1993,25,182,73
Poland,GK,Swansea City AFC,WAL,18.04.1985,33,190,83
Poland,FW,UC Sampdoria,ITA,14.03.1997,21,185,75
Portugal,GK,Sporting CP,POR,15.02.1988,30,189,84
Portugal,DF,Rangers FC,SCO,27.11.1981,36,187,83
Portugal,DF,Besiktas JK,TUR,26.02.1983,35,188,81
Portugal,MF,FC Lokomotiv Moscow,RUS,05.02.1986,32,174,69
Portugal,DF,Borussia Dortmund,GER,22.12.1993,24,170,64
Portugal,DF,Dalian Yifang FC,CHN,22.12.1983,34,191,84
Portugal,FW,Real Madrid CF,ESP,05.02.1985,33,185,80
Portugal,MF,AS Monaco,FRA,08.09.1986,31,170,61
Portugal,FW,AC Milan,ITA,06.11.1995,22,184,78
Portugal,MF,West Ham United FC,ENG,19.01.1993,25,179,73
Portugal,MF,Manchester City FC,ENG,10.08.1994,23,173,65
Portugal,GK,Olympique Lyon,FRA,01.10.1990,27,184,81
Portugal,DF,SL Benfica,POR,14.05.1997,21,187,83
Portugal,MF,Sporting CP,POR,07.04.1992,26,190,80
Portugal,DF,FC Porto,POR,06.10.1993,24,174,70
Portugal,MF,Sporting CP,POR,08.09.1994,23,183,64
Portugal,FW,Valencia CF,ESP,29.11.1996,21,179,72
Portugal,FW,Sporting CP,POR,11.05.1995,23,173,63
Portugal,DF,SSC Napoli,ITA,27.05.1991,27,168,67
Portugal,FW,Besiktas JK,TUR,26.09.1983,34,175,73
Portugal,DF,Southampton FC,ENG,31.08.1991,26,172,67
Portugal,GK,Goztepe SK,TUR,01.05.1982,36,183,79
Portugal,MF,Leicester City FC,ENG,15.03.1989,29,176,72
Russia,GK,CSKA Moscow,RUS,08.04.1986,32,185,83
Russia,DF,CSKA Moscow,RUS,19.09.1990,27,187,79
Russia,DF,FC Spartak Moscow,RUS,29.07.1993,24,190,82
Russia,DF,CSKA Moscow,RUS,14.07.1979,38,186,84
Russia,DF,FC Akhmat Grozny,RUS,24.03.1989,29,191,87
Russia,MF,Villarreal CF,ESP,26.12.1990,27,173,68
Russia,MF,FC Zenit St. Petersburg,RUS,15.01.1993,25,182,74
Russia,MF,FC Krasnodar,RUS,20.07.1989,28,180,75
Russia,MF,CSKA Moscow,RUS,17.06.1990,27,178,73
Russia,FW,FC Krasnodar,RUS,09.02.1990,28,185,79
Russia,MF,FC Spartak Moscow,RUS,11.02.1994,24,185,77
Russia,GK,FC Zenit St. Petersburg,RUS,13.11.1991,26,189,80
Russia,DF,FC Rubin Kazan,RUS,05.04.1987,31,187,78
Russia,DF,FC Rubin Kazan,RUS,22.05.1987,31,184,80
Russia,MF,FC Lokomotiv Moscow,RUS,17.10.1995,22,185,77
Russia,MF,FC Lokomotiv Moscow,RUS,17.10.1995,22,182,67
Russia,MF,CSKA Moscow,RUS,30.05.1996,22,178,70
Russia,MF,FC Zenit St. Petersburg,RUS,20.08.1983,34,180,76
Russia,MF,FC Spartak Moscow,RUS,19.07.1984,33,178,74
Russia,GK,Club Brugge KV,BEL,19.10.1983,34,190,81
Russia,MF,FC Zenit St. Petersburg,RUS,13.10.1989,28,191,79
Russia,FW,FC Arsenal Tula,RUS,22.08.1988,29,196,90
Russia,DF,FC Zenit St. Petersburg,RUS,08.08.1988,29,179,72
Saudi Arabia,GK,Al Hilal SFC,KSA,23.01.1987,31,178,98
Saudi Arabia,DF,Al Ahli SC,KSA,19.10.1987,30,173,68
Saudi Arabia,DF,Al Hilal SFC,KSA,31.03.1984,34,188,83
Saudi Arabia,DF,Al Hilal SFC,KSA,21.11.1989,28,182,83
Saudi Arabia,DF,Al Nassr FC,KSA,27.09.1985,32,185,76
Saudi Arabia,DF,Al Hilal SFC,KSA,15.09.1992,25,173,61
Saudi Arabia,MF,Al Hilal SFC,KSA,01.08.1989,28,179,63
Saudi Arabia,MF,CD Leganés,ESP,26.06.1990,27,165,63
Saudi Arabia,MF,Al Shabab FC,KSA,16.07.1992,25,170,66
Saudi Arabia,FW,Al Nassr FC,KSA,10.01.1987,31,179,75
Saudi Arabia,MF,Al Hilal SFC,KSA,13.03.1986,32,177,73
Saudi Arabia,MF,Al Hilal SFC,KSA,22.09.1994,23,192,73
Saudi Arabia,DF,Al Hilal SFC,KSA,25.05.1992,26,170,63
Saudi Arabia,MF,Al Hilal SFC,KSA,03.08.1992,25,177,66
Saudi Arabia,MF,Al Shabab FC,KSA,16.08.1996,21,175,66
Saudi Arabia,MF,Al Ahli SC,KSA,24.03.1988,30,174,76
Saudi Arabia,MF,Al Ahli SC,KSA,25.07.1984,33,169,69
Saudi Arabia,MF,Villarreal CF,ESP,19.08.1991,26,174,68
Saudi Arabia,FW,Levante UD,ESP,14.09.1994,23,168,65
Saudi Arabia,FW,Al Ahli SC,KSA,14.10.1986,31,185,79
Saudi Arabia,GK,Al Ahli SC,KSA,27.02.1984,34,186,88
Saudi Arabia,GK,Al Ahli SC,KSA,10.10.1991,26,187,79
Saudi Arabia,DF,Al Ahli SC,KSA,17.02.1992,26,180,79
Senegal,GK,Stade Rennais FC,FRA,30.03.1992,26,189,79
Senegal,DF,Valenciennes FC,FRA,15.06.1989,28,173,69
Senegal,DF,SSC Napoli,ITA,20.06.1991,26,195,89
Senegal,DF,RSC Anderlecht,BEL,22.11.1989,28,192,85
Senegal,MF,Everton FC,ENG,26.09.1989,28,174,64
Senegal,MF,Hannover 96,GER,25.08.1990,27,196,84
Senegal,FW,Bursaspor,TUR,19.01.1986,32,180,75
Senegal,MF,West Ham United FC,ENG,21.12.1989,28,189,75
Senegal,FW,Stoke City FC,ENG,16.12.1987,30,185,81
Senegal,FW,Liverpool FC,ENG,10.04.1992,26,175,69
Senegal,MF,Birmingham City FC,ENG,29.03.1986,32,192,90
Senegal,DF,FC Girondins Bordeaux,FRA,05.03.1993,25,174,71
Senegal,MF,Wolverhampton Wanderers FC,ENG,06.03.1990,28,186,80
Senegal,FW,Amiens SC,FRA,03.04.1993,25,180,78
Senegal,FW,Stade Rennais FC,FRA,24.12.1989,28,184,79
Senegal,GK,Horoya AC,GUI,05.04.1985,33,185,80
Senegal,MF,Stoke City FC,ENG,27.10.1990,27,181,74
Senegal,FW,Stade Rennais FC,FRA,25.02.1998,20,175,70
Senegal,FW,Torino FC,ITA,19.12.1994,23,184,74
Senegal,FW,AS Monaco,FRA,08.03.1995,23,181,77
Senegal,DF,Adanaspor,TUR,20.10.1989,28,181,74
Senegal,DF,KAS Eupen,BEL,04.10.1998,19,177,70
Senegal,GK,SPAL Ferrara,ITA,05.09.1993,24,196,80
Serbia,GK,FK Partizan,SRB,28.07.1983,34,195,92
Serbia,DF,Villarreal CF,ESP,26.01.1984,34,177,71
Serbia,DF,Besiktas JK,TUR,19.01.1985,33,185,79
Serbia,MF,Crystal Palace FC,ENG,07.04.1991,27,186,80
Serbia,DF,RSC Anderlecht,BEL,13.02.1993,25,188,82
Serbia,DF,FC Zenit St. Petersburg,RUS,22.02.1984,34,185,89
Serbia,MF,SL Benfica,POR,11.07.1996,21,169,68
Serbia,FW,PAOK FC,GRE,21.04.1990,28,191,88
Serbia,FW,Fulham FC,ENG,16.09.1994,23,189,82
Serbia,MF,Southampton FC,ENG,20.11.1988,29,181,76
Serbia,DF,AS Roma,ITA,10.11.1985,32,187,83
Serbia,GK,Maccabi Tel-Aviv FC,ISR,31.10.1995,22,191,85
Serbia,DF,SV Werder Bremen,GER,26.09.1995,22,188,77
Serbia,DF,FK Crvena Zvezda,SRB,02.04.1991,27,185,69
Serbia,DF,ACF Fiorentina,ITA,12.10.1997,20,195,90
Serbia,MF,Cardiff City FC,WAL,13.04.1996,22,190,82
Serbia,MF,Hamburger SV,GER,01.11.1992,25,184,82
Serbia,FW,FK Crvena Zvezda,SRB,15.02.1996,22,185,76
Serbia,FW,Eintracht Frankfurt,GER,23.12.1997,20,181,75
Serbia,MF,SS Lazio,ITA,27.02.1995,23,192,76
Serbia,MF,Manchester United FC,ENG,01.08.1988,29,194,86
Serbia,MF,Torino FC,ITA,29.09.1991,26,182,74
Serbia,GK,SD Eibar,ESP,24.01.1992,26,194,90
Spain,GK,Manchester United FC,ENG,07.11.1990,27,190,71
Spain,DF,Real Madrid CF,ESP,11.01.1992,26,173,73
Spain,DF,FC Barcelona,ESP,02.02.1987,31,194,85
Spain,DF,Real Madrid CF,ESP,18.01.1990,28,179,77
Spain,MF,FC Barcelona,ESP,16.07.1988,29,189,78
Spain,MF,FC Barcelona,ESP,11.05.1984,34,171,68
Spain,MF,Atletico Madrid,ESP,21.11.1994,23,183,76
Spain,MF,Atletico Madrid,ESP,08.01.1992,26,176,73
Spain,FW,Valencia CF,ESP,06.03.1991,27,182,72
Spain,MF,FC Bayern München,GER,11.04.1991,27,174,70
Spain,FW,Real Madrid CF,ESP,01.07.1991,26,173,70
Spain,DF,Real Sociedad,ESP,14.12.1995,22,178,67
Spain,GK,Athletic Bilbao,ESP,03.10.1994,23,189,84
Spain,DF,Chelsea FC,ENG,28.08.1989,28,178,78
Spain,DF,Real Madrid CF,ESP,30.03.1986,32,183,75
Spain,DF,Arsenal FC,ENG,26.02.1986,32,179,72
Spain,FW,Celta Vigo,ESP,01.08.1987,30,176,67
Spain,DF,FC Barcelona,ESP,21.03.1989,29,170,68
Spain,FW,Atletico Madrid,ESP,07.10.1988,29,185,86
Spain,MF,Real Madrid CF,ESP,21.01.1996,22,182,76
Spain,FW,Manchester City FC,ENG,08.01.1986,32,170,67
Spain,MF,Real Madrid CF,ESP,21.04.1992,26,176,74
Spain,GK,SSC Napoli,ITA,31.08.1982,35,188,92
Sweden,GK,FC Kobenhavn,DEN,08.01.1990,28,198,89
Sweden,DF,Celtic FC,SCO,13.12.1986,31,189,77
Sweden,DF,Manchester United FC,ENG,17.07.1994,23,187,81
Sweden,DF,FC Krasnodar,RUS,16.04.1985,33,192,84
Sweden,DF,Swansea City AFC,WAL,17.05.1988,30,177,81
Sweden,DF,SV Werder Bremen,GER,21.04.1994,24,181,76
Sweden,MF,Hull City FC,ENG,06.06.1985,33,178,70
Sweden,MF,Hamburger SV,GER,28.07.1989,28,186,75
Sweden,FW,Al Ain FC,UAE,17.08.1986,31,183,76
Sweden,MF,RB Leipzig,GER,23.10.1991,26,179,78
Sweden,FW,Deportivo Alavés,ESP,15.04.1992,26,185,79
Sweden,GK,EA Guingamp,FRA,28.01.1990,28,187,83
Sweden,MF,Seattle Sounders FC,USA,07.02.1987,31,183,77
Sweden,DF,Bologna FC,ITA,22.04.1993,25,192,83
Sweden,MF,Genoa CFC,ITA,28.06.1992,25,184,73
Sweden,DF,Bologna FC,ITA,02.08.1994,23,181,72
Sweden,MF,FC Krasnodar,RUS,02.01.1992,26,183,79
Sweden,DF,Leeds United FC,ENG,13.02.1991,27,194,89
Sweden,MF,FC Crotone,ITA,11.05.1991,27,182,76
Sweden,FW,Toulouse FC,FRA,03.07.1986,31,192,78
Sweden,MF,Toulouse FC,FRA,22.03.1989,29,180,69
Sweden,FW,KV Waasland-Beveren,BEL,24.06.1992,25,189,83
Sweden,GK,Swansea City AFC,WAL,23.06.1989,28,190,85
Switzerland,GK,VfL Borussia Mönchengladbach,GER,17.12.1988,29,183,81
Switzerland,DF,Juventus FC,ITA,16.01.1984,34,181,77
Switzerland,DF,Toulouse FC,FRA,21.06.1990,27,180,76
Switzerland,DF,VfL Borussia Mönchengladbach,GER,30.09.1996,21,187,77
Switzerland,DF,Borussia Dortmund,GER,19.07.1995,22,186,85
Switzerland,DF,FC Basel,SUI,08.02.1991,27,185,78
Switzerland,FW,FC Schalke 04,GER,14.02.1997,21,184,86
Switzerland,MF,Atalanta Bergamo,ITA,15.04.1992,26,181,75
Switzerland,FW,SL Benfica,POR,22.02.1992,26,186,88
Switzerland,MF,Arsenal FC,ENG,27.09.1992,25,183,82
Switzerland,MF,Udinese Calcio,ITA,19.04.1985,33,184,78
Switzerland,GK,RB Leipzig,GER,06.06.1994,24,186,84
Switzerland,DF,AC Milan,ITA,25.08.1992,25,180,79
Switzerland,MF,TSG 1899 Hoffenheim,GER,17.08.1991,26,182,79
Switzerland,MF,Bologna FC,ITA,12.04.1986,32,180,77
Switzerland,MF,Eintracht Frankfurt,GER,02.09.1986,31,180,72
Switzerland,MF,VfL Borussia Mönchengladbach,GER,20.11.1996,21,189,77
Switzerland,FW,GNK Dinamo Zagreb,CRO,24.11.1989,28,175,75
Switzerland,FW,VfL Borussia Mönchengladbach,GER,08.08.1992,25,184,78
Switzerland,DF,Antalyaspor AS,TUR,18.01.1987,31,192,90
Switzerland,GK,Borussia Dortmund,GER,14.11.1990,27,188,83
Switzerland,DF,Deportivo La Coruña,ESP,20.12.1991,26,186,83
Switzerland,MF,Stoke City FC,ENG,10.10.1991,26,165,78
Tunisia,GK,Al Shabab FC,KSA,01.07.1989,28,192,85
Tunisia,DF,Kasimpasa SK,TUR,31.03.1989,29,189,87
Tunisia,DF,Leicester City FC,ENG,28.03.1987,31,185,75
Tunisia,DF,CS Sfaxien,TUN,02.07.1993,24,183,70
Tunisia,DF,Dijon FCO,FRA,28.01.1992,26,185,76
Tunisia,DF,Étoile du Sahel,TUN,19.01.1990,28,187,77
Tunisia,FW,ES Troyes,FRA,27.04.1995,23,180,76
Tunisia,FW,Al Ittifaq FC,KSA,23.06.1991,26,189,80
Tunisia,MF,ES Tunis,TUN,18.09.1990,27,178,70
Tunisia,FW,Stade Rennais FC,FRA,08.02.1991,27,182,76
Tunisia,DF,KAA Gent,BEL,19.06.1995,22,186,75
Tunisia,DF,Al Ahly SC,EGY,01.01.1990,28,170,72
Tunisia,MF,Al Nassr FC,KSA,18.03.1992,26,186,80
Tunisia,MF,Al Ahli SC,KSA,03.05.1992,26,180,75
Tunisia,FW,Club Africain,TUN,21.12.1994,23,187,75
Tunisia,GK,Al Batin FC,KSA,14.09.1984,33,182,84
Tunisia,MF,Montpellier HSC,FRA,10.05.1995,23,185,69
Tunisia,FW,OGC Nice,FRA,25.06.1997,20,176,71
Tunisia,FW,Club Africain,TUN,14.10.1986,31,185,72
Tunisia,FW,ES Tunis,TUN,28.02.1994,24,179,70
Tunisia,DF,Zamalek,EGY,28.10.1992,25,186,75
Tunisia,GK,LB Chateauroux,FRA,05.03.1995,23,186,70
Tunisia,FW,Dijon FCO,FRA,27.07.1992,25,173,65
Uruguay,GK,Galatasaray SK,TUR,16.06.1986,31,190,74
Uruguay,DF,Atletico Madrid,ESP,20.01.1995,23,185,77
Uruguay,DF,Atletico Madrid,ESP,16.02.1986,32,185,73
Uruguay,DF,CA Penarol,URU,24.03.1993,25,173,70
Uruguay,MF,CF Monterrey,MEX,02.12.1984,33,171,74
Uruguay,MF,Juventus FC,ITA,25.06.1997,20,187,73
Uruguay,MF,CA Penarol,URU,30.09.1985,32,178,79
Uruguay,MF,CA Boca Juniors,ARG,28.12.1995,22,171,61
Uruguay,FW,FC Barcelona,ESP,24.01.1987,31,182,85
Uruguay,FW,Cruzeiro EC,BRA,01.06.1994,24,172,64
Uruguay,FW,Girona FC,ESP,12.10.1986,31,186,78
Uruguay,GK,CA Independiente,ARG,29.05.1989,29,184,79
Uruguay,DF,CA Independiente,ARG,05.03.1994,24,185,74
Uruguay,MF,UC Sampdoria,ITA,11.02.1996,22,168,61
Uruguay,MF,FC Internazionale,ITA,24.08.1991,26,189,80
Uruguay,DF,FC Porto,POR,08.06.1984,34,173,73
Uruguay,MF,Genoa CFC,ITA,07.02.1993,25,178,66
Uruguay,FW,Celta Vigo,ESP,14.08.1996,21,186,85
Uruguay,DF,Sporting CP,POR,07.10.1990,27,196,89
Uruguay,FW,CF Monterrey,MEX,19.03.1990,28,172,66
Uruguay,FW,Paris Saint-Germain FC,FRA,14.02.1987,31,188,78
Uruguay,DF,SS Lazio,ITA,07.04.1987,31,178,75
Uruguay,GK,CR Vasco da Gama,BRA,25.03.1983,35,187,82
